{
  "user": [
    {
      "id": "1",
      "name": "test",
      "email": "test@gmail.com",
      "password": "123"
    },
    {
      "id": "2",
      "name": "test2",
      "email": "test2@gmail.com",
      "password": "123456"
    },
    {
      "id": "3",
      "name": "abc",
      "email": "abc@gmail.com",
      "password": "123"
    },
    {
      "id": "4",
      "name": "test3",
      "email": "test3@gmail.com",
      "password": "123456"
    },
    {
      "id": "5",
      "name": "test3",
      "email": "test3@gmail.com",
      "password": "123456"
    },
    {
      "id": "7a83",
      "name": "test4",
      "email": "test4@gmail.com",
      "password": "1234567"
    }
  ]
}